ref,event,dates_2026,venue,neighborhood,category,hashtags,handles,handles_verified,scrape_window,dates_confirmed,source_url,notes,is_cluster
D131,"African/Caribbean International Festival of Life, 33rd + 10th Jerk, Seafood & Vegan Fest","Sept 25 – 27, 2026","Union Park, 1501 W. Randolph St",West Town,nightlife,#festivaloflife #jerkfest,@festivaloflife @ifolchicago,false,"Sept 24 – Oct 3, 2026",true,https://www.wbez.org/arts-culture/2026/05/28/chicagos-african-caribbean-fest-denied-permit-dcase-move-september-july-4,"Denied city permit 2nd year running; moved off July 3-5. Also scrape the cancelled July 4 window. Keywords: Festival of Life, IFOL, JSVFest, Ephraim Martin.",false
D132,Taste of Polonia,"Sept 4 – 7, 2026","Copernicus Center, 5216 W. Lawrence Ave",Jefferson Park,food,#tasteofpolonia #topchicago #polonia,@copernicuscenterchicago @tasteofpolonia,false,"Sept 3 – 11, 2026",true,https://topchicago.org/,Largest Polish festival in the US; four days.,false
D133,Chicago Caribbean Carnival (+ ChiCarnival weekend),"Aug 15, 2026 (weekend Aug 13 – 16)","Midway Plaisance, 1130 Midway Plaisance",Hyde Park / Woodlawn,nightlife,#chicagocaribbeancarnival #chicarnival #caribbeancarnival,@chicagocaribbeancarnival,true,"Aug 12 – 21, 2026",true,https://chicagocaribbeancarnival.org/events,"Free; parade noon, festival to 9pm. ChiCarnival weekend carries 7 events.",false
D134,"Fiesta Boricua ""De Bandera a Bandera"", 33rd","Sept 5 – 6, 2026, 12–8pm","Paseo Boricua, Division St between Western and California",Humboldt Park,nightlife,#fiestaboricua #paseoboricua #debanderaabandera,@prcc_chgo,false,"Sept 4 – 12, 2026",false,https://prcc-chgo.org/2026/02/05/33rd-fiesta-boricua-august-28-29-2026-12-8pm-de-bandera-a-bandera/,"Date moved: organiser URL slug still says Aug 28-29. Scrape both windows. Distinct from D41 Puerto Rican Fest in June. FB page 'Fiesta Boricua Chicago' is verified.",false
D135,India Day Parade,"Aug 23, 2026, 10:30am","Devon Ave, Western to California",West Ridge,nightlife,#indiadayparade #devonave #devonavenue,,false,"Aug 22 – 29, 2026",true,https://www.chicago.gov/city/en/depts/dca/supp_info/parades.html,"No organiser handle identified; Federation of Indian Associations is the likely host. A Devon Ave location-tag sweep will beat handle search.",false
D136,Lincoln Park Greek Fest,"Jun 5 – 7, 2026",N. Sheffield Ave,Lincoln Park,food,#lincolnparkgreekfest #greekfest,@lincolnparkgreekfest,false,"Jun 4 – 12, 2026",false,https://www.lincolnparkgreekfest.com/,"Calendar carries a conflicting 'Greek Fest' row dated Jun 26. Separate from Taste of Greektown (D59, already has an article). Resolve date first.",false
D137,"Korean National Treasures: 2,000 Years of Art",run dates unconfirmed,"Art Institute of Chicago, 111 S. Michigan Ave",Loop,art,#artinstitutechicago #koreanart,@artinstitutechi,false,confirm dates first,false,https://www.choosechicago.com/blog/special-events/summer-2026-preview-top-events-and-openings-coming-to-chicago/,First public display of these Korean works. Sits inside cluster D84.,false
D138,Ensemble Español — American Spanish Dance & Music Festival (48th) + 50th anniversary in residence,"two weeks in June 2026, exact dates unconfirmed","NEIU, North Shore Center for the Performing Arts, Old Town School",North Park + suburbs,art,#ensembleespanol #spanishdancefestival #flamencochicago,@ensembleespanol,false,confirm dates first,false,https://ensembleespanol.org/,"Closest Chicago analogue to Sukhishvili: resident folkloric/flamenco company with an annual June festival. Their events page only lists fall 2025.",false
D139,"Dance in the Parks, 18th season","summer 2026, dates unconfirmed",Neighborhood parks citywide,Citywide,art,#danceintheparks #nightoutintheparks,@danceintheparks,false,confirm dates first,false,https://danceintheparks.org/,"Free professional dance, six world premieres by Chicago choreographers, under Night Out in the Parks. Schedule taken down post-season.",false
D70,Also on the lakefront / citywide,cluster,Jazzin' at the Shedd and others,Millennium Park,music,,,false,split first,false,,"Dossier cluster: split into real events before scraping.",true
D71,Heritage and parade events not yet listed,cluster,Ecuadorian Parade and others,Back of the Yards,,,,false,split first,false,,"Dossier cluster and the dossier's own admission of this gap. Split first.",true
D84,"Art Institute of Chicago, summer exhibitions",cluster,"Beyond Form: Abstraction at Midcentury; 22 Korean works","Loop",art,,@artinstitutechi,false,split first,false,,"Dossier cluster; contains D137. Split first.",true
