ref,event,dates_2026,venue,neighborhood,category,hashtags,handles,is_cluster
D1,Lollapalooza,"Jul 30 – Aug 2, 2026",Grant Park,Loop/South Loop,music,,@tmz @lollapalooza @rLollapalooza,false
D2,Riot Fest,"Sept 18 – 20, 2026",Douglass Park,North Lawndale,music,,@riot_fest,false
D3,Sueños Music Festival,"May 23 – 24, 2026",Grant Park,,music,,@suenosfestival,false
D4,Lyrical Lemonade Summer Smash,"Jun 12 – 14, 2026",SeatGeek Stadium,Bridgeview,music,,@lyricallemonade @thesummersmash,false
D5,ARC Music Festival,"Sept 4 – 7, 2026",Union Park,West Town,nightlife,,@arcmusicfestival @honeydijon @derrickcarter,false
D6,North Coast Music Festival,"Sept 4 – 6, 2026",SeatGeek Stadium,Bridgeview,nightlife,,@northcoastfest. @northcoastfest @porterrobinson @fisher,false
D7,Beyond Wonderland Chicago,"Jun 6 – 7, 2026",Huntington Bank Pavilion at Northerly Island,,nightlife,,@beyondwonderland @insomniacevents,false
D8,Warm Love Cool Dreams,"May 23 – 24, 2026",The Salt Shed,Goose Island,music,,@saltshedchicago @emptybottle @thirdcoastreview @oddballmarket @artsoflife,false
D9,Michelada Fest,"Jun 26 – 28, 2026",Union Park,West Town,music,,@micheladafest,false
D10,Windy City Smokeout,"Jul 8 – 12, 2026",United Center parking lot,Near West Side,food,,,false
D11,Chosen Few Picnic & House Music Festival,"Jul 11, 2026","Jackson Park, 6401 S. Stony Island Ave",Woodlawn/South Shore,nightlife,,@chosenfewdjs @djslugo @terryhunter @djtai,false
D12,Silver Room Sound System Block Party,"Jul 18, 2026","The Salt Shed, 1357 N. Elston Ave (moved from Hyde Park)",,nightlife,,@thesilverroom,false
D13,Chicago House Music Festival & Conference,"Aug 27 – 30, 2026","Millennium Park, Daley Plaza, Chicago Cultural Center, Chicago Riverwalk",citywide,nightlife,,@chicagodcase,false
D14,West Fest Chicago,"Jul 17 – 19, 2026",Chicago Ave between Wood and Damen (1800 W. Chicago Ave),West Town,nightlife,,@westfestchicago @emptybottle @bassbythepound,false
D15,Bronzeville Smooth Jazz Festival,"Aug 1, 2026",3702–3837 S. King Drive,Bronzeville,music,,,false
D16,Black & Bronze: Bronzeville Music Fest,"Aug 29, 2026","Armstrong Park, 4433 S. St. Lawrence Ave",Bronzeville,music,,,false
D17,Englewood Jazz Festival,"Sept 17 – 19, 2026",6401 S. Halsted St,Englewood,music,,,false
D18,Chicago Blues Festival,"Jun 4 – 7, 2026","Opening night at Ramova Theatre, 3520 S. Halsted (Bridgeport); Jun 5–7 at Millennium Park",,music,,@chicagodcase @ramovatheatre @mavisstaples,false
D19,Chicago Gospel Music Festival,"Jul 24 – 25, 2026",Jay Pritzker Pavilion,Millennium Park,music,,@chicagodcase @tashacobbsleonard @rickydillard,false
D20,Chicago Jazz Festival,"Sept 3 – 6, 2026",Jay Pritzker Pavilion,Millennium Park + citywide,music,,@chicagodcase @robertglasper @deedeebridgewater,false
D21,Chicago SummerDance,"Jul 15 – Aug 29, 2026","Spirit of Music Garden, 601 S. Michigan (Grant Park) + parks citywide",,music,,@chicagodcase,false
D22,Grant Park Music Festival,"Jun 10 – Aug 15, 2026",Jay Pritzker Pavilion,Millennium Park,music,,@grantparkmusicfest @benfolds,false
D23,Millennium Park Summer Music Series,"Jun 15 – Aug 6, 2026","Mondays & Thursdays, 6:30pm",Jay Pritzker Pavilion,music,,@chicagodcase @arresteddevelopment,false
D24,Millennium Park Summer Film Series,"Tuesdays, Jun 30 – Aug 18, 2026",Jay Pritzker Pavilion,,art,,,false
D25,Do Division Street Fest,"May 29 – 31, 2026",Division St between Damen and Leavitt,West Town,music,,@dodivisionfest @emptybottle @subt_chicago,false
D26,Andersonville Midsommarfest,"Jun 12 – 14, 2026",Clark St from Foster to Gregory,Andersonville,music,,@andersonville @swedishamericanmuseum,false
D27,Wicker Park Fest,"Jul 24 – 26, 2026",Milwaukee Ave from Damen to Wolcott (1165 N. Milwaukee),Wicker Park,music,,@wickerparkfest,false
D28,Square Roots Festival,"Jul 10 – 12, 2026",Lincoln Ave between Montrose and Wilson,Lincoln Square,music,,@oldtownschool @squarerootschi,false
D29,Logan Square Arts Festival,"Jun 26 – 28, 2026",Logan Square,,art,,@logansquareartsfest @comfort_station,false
D30,Taste of Lincoln Avenue,"Jul 24 – 26, 2026",2500 N. Lincoln Ave,Lincoln Park,food,,@tasteoflincolnave,false
D31,Edgewater Music Fest,"Aug 28 – 30, 2026",Broadway and Thorndale,Edgewater,music,,@edgewatermusicfest,false
D32,Retro on Roscoe,"Sept 18 – 20, 2026",2000 W. Roscoe St,Roscoe Village,music,,@retroonroscoe,false
D33,Glenwood Avenue Arts Fest,"Aug 14 – 16, 2026",Morse and Glenwood,Rogers Park,art,,@glenwoodavenueartsdistrict,false
D34,Belmont-Sheffield Music Fest,"May 22 – 24, 2026",Near the Belmont CTA station,Lakeview,music,,@belmontsheffieldfest,false
D35,Lincoln Park Mayfest,"May 15 – 17, 2026",1000 block of W. Armitage Ave,Lincoln Park,music,,@lincolnparkmayfest,false
D36,Maifest Chicago,"May 29 – 31, 2026",N. Lincoln Ave & Western Ave,Lincoln Square,food,,,false
D37,Chicago Pride Parade,"Sun, Jun 28, 2026",From Sheridan & Broadway (3900 N. Broadway) south on Broadway → Halsted → east on Belmont → south on Broadway → east on Diversey to Cannon Drive. Two-mile route.,,nightlife,,@pridechicago @gayliberationnetwork @organizedcommunities,false
D38,Chicago Pride Fest,"Jun 20 – 21, 2026",Halsted St from Addison to Grace,Northalsted,nightlife,,@northalsted,false
D39,Northalsted Market Days,"Aug 7 – 9, 2026",Halsted St from Belmont to Addison,Northalsted,nightlife,,@northalsted @kerihilson @dawnrichard @jordy @ricwilson,false
D40,Pride South Side,"Jul 5, 2026","DuSable Black History Museum, 740 E. 56th Place",Washington Park/Hyde Park,nightlife,,@pridesouthside @dusablemuseum,false
D41,Puerto Rican Fest & Puerto Rican People's Day Parade,"Fest: Jun 11 – 14, 2026",2800 W. Division St,Humboldt Park / Paseo Boricua,music,,@prpeoplesparade,false
D42,Fiesta del Sol,"Jul 23 – 26, 2026",Cermak Rd between Ashland and Morgan,Pilsen,music,,@fiestadelsolchicago @pilsenmurals,false
D43,Villapalooza,"Aug 22, 2026","La Villita Park, 2800 S. Sacramento Ave",Little Village,music,,@villapalooza @unetelavillita,false
D44,El Grito Chicago + 26th Street Mexican Independence Day Parade,"El Grito: Sept 12 – 13, 2026","Butler Field, Grant Park (350 E. Monroe)",,music,,@elgritochicago @angeldelarosa,false
D45,Bud Billiken Parade & It Takes A Village Festival,"Sat, Aug 8, 2026","39th & MLK Drive south to 51st, ending with a festival in Washington Park",Bronzeville,music,,@budbillikenparade @lisaraye,false
D46,African Festival of the Arts,"Sept 5 – 7, 2026","Washington Park Sunken Garden, main entrance 55th & Cottage Grove",,art,,@africanfestchi @africanfestchi.,false
D47,Chinatown Summer Fair,"Jul 25 – 26, 2026",Wentworth Ave from Cermak to 24th Place,Chinatown,food,,,false
D48,Ginza Holiday Festival,"Aug 7 – 9, 2026",Midwest Buddhist Temple,Old Town,art,,@midwestbuddhisttemple,false
D49,Juneteenth,"DuSable Museum celebration: Jun 19, 2026",470 E. 56th Place,,music,,@dusablemuseum,false
D50,4th on 53rd Parade & Festival,"Jul 4, 2026",Steps off 1525 E. 53rd St,Hyde Park,music,,,false
D51,Taste of Chicago,"Jul 8 – 12, 2026",Grant Park,,food,#tastefestchicago2026,,false
D52,Taste of Randolph,"Jun 19 – 21, 2026",Randolph St from Peoria to Racine,West Loop,food,,@tasteofrandolph,false
D53,Ribfest Chicago,"Jun 5 – 7, 2026",Lincoln Ave between Irving Park and Berteau,North Center,food,,@ribfestchicago,false
D54,Roscoe Village Burger Fest,"Jul 17 – 19, 2026",2000 W. Belmont Ave,,food,,@burgerfestchicago,false
D55,Tacos y Tamales,"Jul 17 – 19, 2026",Blue Island Ave between Wolcott and Ashland,Pilsen,food,,@tacosytamalesfest,false
D56,Chicago Italian Beef Festival,"Jul 31 – Aug 2, 2026",4822 N. Long Ave,Jefferson Park,food,,@italianbeeffest,false
D57,Lakeview Taco Fest,"Aug 21 – 23, 2026",3500 N. Southport Ave,,food,,@lakeviewtacofest,false
D58,Panda Fest,"Aug 28 – 30, 2026",Upper Hutchinson Field,Grant Park,food,,@pandafestchicago,false
D59,Taste of Greektown,"Aug 28 – 30, 2026",300–315 S. Halsted St,Greektown/West Loop,food,,,false
D60,Randolph Street Market,"2026 dates: May 17, Jun 7, Jul 19, Aug 9, Sept 13, Oct 4",Maxwell St between Halsted and Union,,art,,@randolphstreetmarket,false
D61,Maxwell Street Market,"May 17 – Oct 4, 2026",Maxwell St between Halsted and Union,,food,,@maxwellstreetmarket,false
D62,Renegade Craft Fair,"Spring: May 16 – 17, 2026","Fall: Sept 12 – 13, 2026, Division St between Damen and Ashland",Wicker Park,art,,@renegadecraft,false
D63,Old Town Art Fair,"Jun 13 – 14, 2026","Old Town Triangle Center, 1763 N. North Park Ave",,art,,@oldtownartfair,false
D64,57th Street Art Fair,"Jun 6 – 7, 2026",57th St between Kenwood and Woodlawn,Hyde Park,art,,@57thstreetartfair,false
D65,Also in the art/market cluster,Wells Street Art Festival,100+ artists,,art,,,true
D66,Chicago Air and Water Show,"Aug 15 – 16, 2026",Lakefront centered on North Avenue Beach,,art,,@afthunderbirds @usarmygoldenknights,false
D67,Navy Pier Summer Fireworks,"May 23 – Sept 5, 2026",Navy Pier,,art,,@navypier,false
D68,Ravinia Festival,June – September 2026,Highland Park (north suburbs,Metra UP-N accessible),music,,@raviniafestival @chicagosymphony @lizzobeeating @chancetherapper,false
D69,Hyde Park Jazz Festival,"Sept 26 – 27, 2026","Sat noon–10pm, Sun 1–7pm",,music,,@hydeparkjazzfest,false
D70,Also on the lakefront / citywide,Jazzin' at the Shedd,Live jazz with the lake behind the glass,,music,,@fullmoonjam @chicagofullmoonjam @mcachicago @shedd_aquarium @chiparks,true
D71,Heritage and parade events not yet listed,Ecuadorian Parade,Free,,,,@tasteofpolonia @pullmanmuseum,true
D72,World Music Festival Chicago,"Sept 25 – Oct 4, 2026",Venues citywide,,music,,,false
D73,Chicago Exhibition Week (CXW),"Sept 14 – 20, 2026","Citywide, 70+ galleries and art spaces",,art,,@chicagoexhibitionweek @gertie.co @corbettvsdempsey @richardgraygallery @marianeibrahim @goodweather_,false
D74,EXPO CHICAGO,"Apr 9 – 12, 2026",Festival Hall,Navy Pier,art,,@navypier @expochicago,false
D75,Barely Fair,"Apr 3 – 19, 2026",Julius Caesar gallery,McKinley Park,art,,@barely_fair,false
D76,Neighbors,"Apr 8 – 12, 2026","A historic apartment in the Gold Coast, ~7 minutes from Navy Pier",,art,,@neighbors.fair,false
D77,The Other Art Fair,"Apr 9 – 12, 2026",Ravenswood (~7 miles from Navy Pier),,art,,@theotherartfair,false
D78,2nd Fridays Gallery Night,"Second Friday of every month, year-round",18th & Halsted,Pilsen,art,,@chicagoartsdistrict @pilsenopenstudios,false
D79,3rd Fridays Open Studios,"Third Friday of every month, 7–10pm, year-round","Bridgeport Art Center, 1200 W. 35th St and Zhou B Art Center, 1029 W. 35th St",Bridgeport,art,,@bridgeportartcenter @zhoubartcenter,false
D80,18th Street Pilsen Open Studios,"Annual, plus year-round programming",Pilsen,,art,,@pilsenopenstudios,false
D81,"Comfort Station, Logan Square","Year-round, free",2579 N. Milwaukee Ave,Logan Square,art,,@comfort_station,false
D82,"Elastic Arts, Avondale",Year-round,Avondale,,art,,@elasticarts,false
D83,MCA Chicago,"Apr 14 – Sept 20, 2026","Museum of Contemporary Art, 220 E. Chicago Ave",,art,,@mcachicago,false
D84,Art Institute of Chicago,`Beyond Form: Abstraction at Midcentury`,"Korean National Treasures: 2,000 Years of Art — Mar 7 – Jul 5, 2026 (140 works, 22 officially designated National Treasures)",,art,,@artinstitutechi,true
D85,Hyde Park Art Center,"Aug 9 – Nov 1, 2026",5020 S. Cornell Ave,Hyde Park,art,,@hydeparkart,false
D86,Chicago Art Book Fair,"Nov 13 – 15, 2026","Chicago Cultural Center, 78 E. Washington St — Preston Bradley Hall",,art,,@chicagoartbookfair,false
D87,Soldier Field,"Jul 24 – Sept 4, 2026","Soldier Field, 1410 S. Museum Campus Dr",Near South Side,music,,@karolg @foofighters @usher,false
D88,Wrigley Field + Gallagher Way,"May 17 – Jul 12, 2026","Wrigley Field and Gallagher Way, 1060 W. Addison",Wrigleyville/Lakeview,music,,@cubs @gallagherway @johnmulaney @tylerchildersmusic,false
D89,Huntington Bank Pavilion at Northerly Island,"Jun 6 – Sept 26, 2026","Northerly Island, 1300 S. Linn White Dr",,music,,@huntingtonbankpavilion @bobdylan @kehlani @martingarrix,false
D90,The Salt Shed Fairgrounds,"Outdoor season ran through Oct 11, 2026",1357 N. Elston Ave,Goose Island,music,,@saltshedchicago @lizphair @sleater_kinney @whomuna,false
D91,Queen! at Smartbar,"Every Sunday, year-round","Smartbar, 3730 N. Clark St",Wrigleyville/Lakeview,nightlife,,@smartbarchicago @derrickcarter @honeydijon @lucystoole,false
D92,Slo 'Mo,"Final monthly night: Oct 25, 2025","Sleeping Village, 3734 W. Belmont",Avondale,nightlife,,@slomoparty @sleepingvillagechicago,false
D93,TRQPITECA,"Ongoing, venue-less",formerly Junior's Sports Bar,Pilsen,nightlife,,@trqpiteca @cqqchifruit,false
D94,Beach House,"Sat Jun 27, 2026, 11am – 7pm",North Avenue Beach,,nightlife,,@beachhousechicago @derrickcarter @honeyluv,false
D95,The club and DJ circuit,Year-round,citywide,,nightlife,,@5mag @smartbarchicago @sleepingvillagechicago @thewhistlerchicago @californiaclipper,false
D96,The indie venue circuit,Year-round,citywide,,music,,@emptybottle @metrochicago @lincolnhall,false
